<?xml version="1.0" encoding="UTF-8"?>
<root>
  <item name="us.zoom.androidlib.widget.ContextMenuType">
    <annotation name="androidx.annotation.IntDef">
      <val name="value" val="{us.zoom.androidlib.widget.ContextMenuType.PHONE, us.zoom.androidlib.widget.ContextMenuType.TABLET_NORMAL, us.zoom.androidlib.widget.ContextMenuType.TABLET_DIALOG}" />
    </annotation>
  </item>
  <item name="us.zoom.androidlib.widget.ZMBaseBottomSheetBehavior int getSaveFlags()">
    <annotation name="androidx.annotation.IntDef">
      <val name="flag" val="true" />
      <val name="value" val="{us.zoom.androidlib.widget.ZMBaseBottomSheetBehavior.SAVE_PEEK_HEIGHT, us.zoom.androidlib.widget.ZMBaseBottomSheetBehavior.SAVE_FIT_TO_CONTENTS, us.zoom.androidlib.widget.ZMBaseBottomSheetBehavior.SAVE_HIDEABLE, us.zoom.androidlib.widget.ZMBaseBottomSheetBehavior.SAVE_SKIP_COLLAPSED, us.zoom.androidlib.widget.ZMBaseBottomSheetBehavior.SAVE_ALL, us.zoom.androidlib.widget.ZMBaseBottomSheetBehavior.SAVE_NONE}" />
    </annotation>
  </item>
  <item name="us.zoom.androidlib.widget.ZMBaseBottomSheetBehavior int getState()">
    <annotation name="androidx.annotation.IntDef">
      <val name="value" val="{us.zoom.androidlib.widget.ZMBaseBottomSheetBehavior.STATE_EXPANDED, us.zoom.androidlib.widget.ZMBaseBottomSheetBehavior.STATE_COLLAPSED, us.zoom.androidlib.widget.ZMBaseBottomSheetBehavior.STATE_DRAGGING, us.zoom.androidlib.widget.ZMBaseBottomSheetBehavior.STATE_SETTLING, us.zoom.androidlib.widget.ZMBaseBottomSheetBehavior.STATE_HIDDEN, us.zoom.androidlib.widget.ZMBaseBottomSheetBehavior.STATE_HALF_EXPANDED}" />
    </annotation>
  </item>
  <item name="us.zoom.androidlib.widget.ZMBaseBottomSheetBehavior saveFlags">
    <annotation name="androidx.annotation.IntDef">
      <val name="flag" val="true" />
      <val name="value" val="{us.zoom.androidlib.widget.ZMBaseBottomSheetBehavior.SAVE_PEEK_HEIGHT, us.zoom.androidlib.widget.ZMBaseBottomSheetBehavior.SAVE_FIT_TO_CONTENTS, us.zoom.androidlib.widget.ZMBaseBottomSheetBehavior.SAVE_HIDEABLE, us.zoom.androidlib.widget.ZMBaseBottomSheetBehavior.SAVE_SKIP_COLLAPSED, us.zoom.androidlib.widget.ZMBaseBottomSheetBehavior.SAVE_ALL, us.zoom.androidlib.widget.ZMBaseBottomSheetBehavior.SAVE_NONE}" />
    </annotation>
  </item>
  <item name="us.zoom.androidlib.widget.ZMBaseBottomSheetBehavior state">
    <annotation name="androidx.annotation.IntDef">
      <val name="value" val="{us.zoom.androidlib.widget.ZMBaseBottomSheetBehavior.STATE_EXPANDED, us.zoom.androidlib.widget.ZMBaseBottomSheetBehavior.STATE_COLLAPSED, us.zoom.androidlib.widget.ZMBaseBottomSheetBehavior.STATE_DRAGGING, us.zoom.androidlib.widget.ZMBaseBottomSheetBehavior.STATE_SETTLING, us.zoom.androidlib.widget.ZMBaseBottomSheetBehavior.STATE_HIDDEN, us.zoom.androidlib.widget.ZMBaseBottomSheetBehavior.STATE_HALF_EXPANDED}" />
    </annotation>
  </item>
  <item name="us.zoom.androidlib.widget.ZMBaseBottomSheetBehavior void setSaveFlags(int) 0">
    <annotation name="androidx.annotation.IntDef">
      <val name="flag" val="true" />
      <val name="value" val="{us.zoom.androidlib.widget.ZMBaseBottomSheetBehavior.SAVE_PEEK_HEIGHT, us.zoom.androidlib.widget.ZMBaseBottomSheetBehavior.SAVE_FIT_TO_CONTENTS, us.zoom.androidlib.widget.ZMBaseBottomSheetBehavior.SAVE_HIDEABLE, us.zoom.androidlib.widget.ZMBaseBottomSheetBehavior.SAVE_SKIP_COLLAPSED, us.zoom.androidlib.widget.ZMBaseBottomSheetBehavior.SAVE_ALL, us.zoom.androidlib.widget.ZMBaseBottomSheetBehavior.SAVE_NONE}" />
    </annotation>
  </item>
  <item name="us.zoom.androidlib.widget.ZMBaseBottomSheetBehavior void setState(int) 0">
    <annotation name="androidx.annotation.IntDef">
      <val name="value" val="{us.zoom.androidlib.widget.ZMBaseBottomSheetBehavior.STATE_EXPANDED, us.zoom.androidlib.widget.ZMBaseBottomSheetBehavior.STATE_COLLAPSED, us.zoom.androidlib.widget.ZMBaseBottomSheetBehavior.STATE_DRAGGING, us.zoom.androidlib.widget.ZMBaseBottomSheetBehavior.STATE_SETTLING, us.zoom.androidlib.widget.ZMBaseBottomSheetBehavior.STATE_HIDDEN, us.zoom.androidlib.widget.ZMBaseBottomSheetBehavior.STATE_HALF_EXPANDED}" />
    </annotation>
  </item>
  <item name="us.zoom.androidlib.widget.ZMBaseBottomSheetBehavior void setStateInternal(int) 0">
    <annotation name="androidx.annotation.IntDef">
      <val name="value" val="{us.zoom.androidlib.widget.ZMBaseBottomSheetBehavior.STATE_EXPANDED, us.zoom.androidlib.widget.ZMBaseBottomSheetBehavior.STATE_COLLAPSED, us.zoom.androidlib.widget.ZMBaseBottomSheetBehavior.STATE_DRAGGING, us.zoom.androidlib.widget.ZMBaseBottomSheetBehavior.STATE_SETTLING, us.zoom.androidlib.widget.ZMBaseBottomSheetBehavior.STATE_HIDDEN, us.zoom.androidlib.widget.ZMBaseBottomSheetBehavior.STATE_HALF_EXPANDED}" />
    </annotation>
  </item>
  <item name="us.zoom.androidlib.widget.ZMBaseBottomSheetBehavior void settleToStatePendingLayout(int) 0">
    <annotation name="androidx.annotation.IntDef">
      <val name="value" val="{us.zoom.androidlib.widget.ZMBaseBottomSheetBehavior.STATE_EXPANDED, us.zoom.androidlib.widget.ZMBaseBottomSheetBehavior.STATE_COLLAPSED, us.zoom.androidlib.widget.ZMBaseBottomSheetBehavior.STATE_DRAGGING, us.zoom.androidlib.widget.ZMBaseBottomSheetBehavior.STATE_SETTLING, us.zoom.androidlib.widget.ZMBaseBottomSheetBehavior.STATE_HIDDEN, us.zoom.androidlib.widget.ZMBaseBottomSheetBehavior.STATE_HALF_EXPANDED}" />
    </annotation>
  </item>
  <item name="us.zoom.androidlib.widget.ZMBaseBottomSheetBehavior void updateDrawableForTargetState(int) 0">
    <annotation name="androidx.annotation.IntDef">
      <val name="value" val="{us.zoom.androidlib.widget.ZMBaseBottomSheetBehavior.STATE_EXPANDED, us.zoom.androidlib.widget.ZMBaseBottomSheetBehavior.STATE_COLLAPSED, us.zoom.androidlib.widget.ZMBaseBottomSheetBehavior.STATE_DRAGGING, us.zoom.androidlib.widget.ZMBaseBottomSheetBehavior.STATE_SETTLING, us.zoom.androidlib.widget.ZMBaseBottomSheetBehavior.STATE_HIDDEN, us.zoom.androidlib.widget.ZMBaseBottomSheetBehavior.STATE_HALF_EXPANDED}" />
    </annotation>
  </item>
  <item name="us.zoom.androidlib.widget.ZMBaseBottomSheetBehavior.BottomSheetCallback void onStateChanged(android.view.View, int) 1">
    <annotation name="androidx.annotation.IntDef">
      <val name="value" val="{us.zoom.androidlib.widget.ZMBaseBottomSheetBehavior.STATE_EXPANDED, us.zoom.androidlib.widget.ZMBaseBottomSheetBehavior.STATE_COLLAPSED, us.zoom.androidlib.widget.ZMBaseBottomSheetBehavior.STATE_DRAGGING, us.zoom.androidlib.widget.ZMBaseBottomSheetBehavior.STATE_SETTLING, us.zoom.androidlib.widget.ZMBaseBottomSheetBehavior.STATE_HIDDEN, us.zoom.androidlib.widget.ZMBaseBottomSheetBehavior.STATE_HALF_EXPANDED}" />
    </annotation>
  </item>
  <item name="us.zoom.androidlib.widget.ZMBaseBottomSheetBehavior.SaveFlags">
    <annotation name="androidx.annotation.IntDef">
      <val name="flag" val="true" />
      <val name="value" val="{us.zoom.androidlib.widget.ZMBaseBottomSheetBehavior.SAVE_PEEK_HEIGHT, us.zoom.androidlib.widget.ZMBaseBottomSheetBehavior.SAVE_FIT_TO_CONTENTS, us.zoom.androidlib.widget.ZMBaseBottomSheetBehavior.SAVE_HIDEABLE, us.zoom.androidlib.widget.ZMBaseBottomSheetBehavior.SAVE_SKIP_COLLAPSED, us.zoom.androidlib.widget.ZMBaseBottomSheetBehavior.SAVE_ALL, us.zoom.androidlib.widget.ZMBaseBottomSheetBehavior.SAVE_NONE}" />
    </annotation>
  </item>
  <item name="us.zoom.androidlib.widget.ZMBaseBottomSheetBehavior.SavedState state">
    <annotation name="androidx.annotation.IntDef">
      <val name="value" val="{us.zoom.androidlib.widget.ZMBaseBottomSheetBehavior.STATE_EXPANDED, us.zoom.androidlib.widget.ZMBaseBottomSheetBehavior.STATE_COLLAPSED, us.zoom.androidlib.widget.ZMBaseBottomSheetBehavior.STATE_DRAGGING, us.zoom.androidlib.widget.ZMBaseBottomSheetBehavior.STATE_SETTLING, us.zoom.androidlib.widget.ZMBaseBottomSheetBehavior.STATE_HIDDEN, us.zoom.androidlib.widget.ZMBaseBottomSheetBehavior.STATE_HALF_EXPANDED}" />
    </annotation>
  </item>
  <item name="us.zoom.androidlib.widget.ZMBaseBottomSheetBehavior.SettleRunnable SettleRunnable(android.view.View, int) 1">
    <annotation name="androidx.annotation.IntDef">
      <val name="value" val="{us.zoom.androidlib.widget.ZMBaseBottomSheetBehavior.STATE_EXPANDED, us.zoom.androidlib.widget.ZMBaseBottomSheetBehavior.STATE_COLLAPSED, us.zoom.androidlib.widget.ZMBaseBottomSheetBehavior.STATE_DRAGGING, us.zoom.androidlib.widget.ZMBaseBottomSheetBehavior.STATE_SETTLING, us.zoom.androidlib.widget.ZMBaseBottomSheetBehavior.STATE_HIDDEN, us.zoom.androidlib.widget.ZMBaseBottomSheetBehavior.STATE_HALF_EXPANDED}" />
    </annotation>
  </item>
  <item name="us.zoom.androidlib.widget.ZMBaseBottomSheetBehavior.SettleRunnable targetState">
    <annotation name="androidx.annotation.IntDef">
      <val name="value" val="{us.zoom.androidlib.widget.ZMBaseBottomSheetBehavior.STATE_EXPANDED, us.zoom.androidlib.widget.ZMBaseBottomSheetBehavior.STATE_COLLAPSED, us.zoom.androidlib.widget.ZMBaseBottomSheetBehavior.STATE_DRAGGING, us.zoom.androidlib.widget.ZMBaseBottomSheetBehavior.STATE_SETTLING, us.zoom.androidlib.widget.ZMBaseBottomSheetBehavior.STATE_HIDDEN, us.zoom.androidlib.widget.ZMBaseBottomSheetBehavior.STATE_HALF_EXPANDED}" />
    </annotation>
  </item>
  <item name="us.zoom.androidlib.widget.ZMBaseBottomSheetBehavior.State">
    <annotation name="androidx.annotation.IntDef">
      <val name="value" val="{us.zoom.androidlib.widget.ZMBaseBottomSheetBehavior.STATE_EXPANDED, us.zoom.androidlib.widget.ZMBaseBottomSheetBehavior.STATE_COLLAPSED, us.zoom.androidlib.widget.ZMBaseBottomSheetBehavior.STATE_DRAGGING, us.zoom.androidlib.widget.ZMBaseBottomSheetBehavior.STATE_SETTLING, us.zoom.androidlib.widget.ZMBaseBottomSheetBehavior.STATE_HIDDEN, us.zoom.androidlib.widget.ZMBaseBottomSheetBehavior.STATE_HALF_EXPANDED}" />
    </annotation>
  </item>
  <item name="us.zoom.androidlib.widget.ZMBaseBottomSheetDialog ZMBaseBottomSheetDialog(android.content.Context, int, int) 2">
    <annotation name="androidx.annotation.IntDef">
      <val name="value" val="{us.zoom.androidlib.widget.ContextMenuType.PHONE, us.zoom.androidlib.widget.ContextMenuType.TABLET_NORMAL, us.zoom.androidlib.widget.ContextMenuType.TABLET_DIALOG}" />
    </annotation>
  </item>
  <item name="us.zoom.androidlib.widget.ZMBaseBottomSheetDialog contextMenuType">
    <annotation name="androidx.annotation.IntDef">
      <val name="value" val="{us.zoom.androidlib.widget.ContextMenuType.PHONE, us.zoom.androidlib.widget.ContextMenuType.TABLET_NORMAL, us.zoom.androidlib.widget.ContextMenuType.TABLET_DIALOG}" />
    </annotation>
  </item>
</root>

