<?xml version="1.0" encoding="UTF-8"?>
<root>
  <item name="us.zoom.androidlib.utils.ZmSnackbarUtils us.zoom.androidlib.utils.ZmSnackbarUtils tabletTargetContainer(int) 0">
    <annotation name="androidx.annotation.IntDef">
      <val name="value" val="{us.zoom.androidlib.utils.ZmSnackbarUtils.TabletTargetContainer.NONE, us.zoom.androidlib.utils.ZmSnackbarUtils.TabletTargetContainer.LEFT, us.zoom.androidlib.utils.ZmSnackbarUtils.TabletTargetContainer.RIGHT}" />
    </annotation>
  </item>
  <item name="us.zoom.androidlib.utils.ZmSnackbarUtils.TabletTargetContainer">
    <annotation name="androidx.annotation.IntDef">
      <val name="value" val="{us.zoom.androidlib.utils.ZmSnackbarUtils.TabletTargetContainer.NONE, us.zoom.androidlib.utils.ZmSnackbarUtils.TabletTargetContainer.LEFT, us.zoom.androidlib.utils.ZmSnackbarUtils.TabletTargetContainer.RIGHT}" />
    </annotation>
  </item>
</root>

